estado,cidade,crime,mes,qtde_crimes
paraiba,aguiar,homicidio doloso,janeiro,1
paraiba,alagoa grande,homicidio doloso,janeiro,1
paraiba,alagoinha,homicidio doloso,janeiro,1
paraiba,alcantil,roubo de veiculo,janeiro,1
paraiba,alhandra,homicidio doloso,janeiro,3
paraiba,aracagi,homicidio doloso,janeiro,1
paraiba,arara,homicidio doloso,janeiro,1
paraiba,areial,homicidio doloso,janeiro,1
paraiba,assuncao,homicidio doloso,janeiro,2
paraiba,bananeiras,homicidio doloso,janeiro,1
paraiba,barra de sao miguel,homicidio doloso,janeiro,1
paraiba,bayeux,estupro,janeiro,3
paraiba,bayeux,homicidio doloso,janeiro,4
paraiba,bayeux,roubo seguido de morte (latrocinio),janeiro,1
paraiba,belem,estupro,janeiro,2
paraiba,boqueirao,furto de veiculo,janeiro,1
paraiba,boqueirao,roubo de veiculo,,1
paraiba,brejo do cruz,homicidio doloso,janeiro,1
paraiba,caapora,homicidio doloso,janeiro,1
paraiba,cabaceiras,homicidio doloso,janeiro,1
paraiba,cabedelo,estupro,janeiro,2
paraiba,cabedelo,homicidio doloso,janeiro,3
paraiba,cachoeira dos indios,estupro,janeiro,1
paraiba,cajazeiras,homicidio doloso,janeiro,2
paraiba,camalau,homicidio doloso,janeiro,1
paraiba,campina grande,estupro,janeiro,6
paraiba,campina grande,homicidio doloso,janeiro,6
paraiba,caraubas,furto de veiculo,janeiro,1
paraiba,catole do rocha,homicidio doloso,janeiro,2
paraiba,condado,estupro,janeiro,1
paraiba,conde,homicidio doloso,janeiro,4
paraiba,congo,homicidio doloso,janeiro,1
paraiba,coremas,homicidio doloso,janeiro,1
paraiba,coxixola,homicidio doloso,janeiro,1
paraiba,dona ines,furto de veiculo,janeiro,1
paraiba,duas estradas,homicidio doloso,janeiro,1
paraiba,guarabira,estupro,janeiro,1
paraiba,itabaiana,homicidio doloso,janeiro,1
paraiba,jacarau,furto de veiculo,janeiro,1
paraiba,joao pessoa,estupro,janeiro,15
paraiba,joao pessoa,furto de veiculo,janeiro,1
paraiba,joao pessoa,homicidio doloso,janeiro,31
paraiba,joao pessoa,roubo de veiculo,janeiro,1
paraiba,joao pessoa,roubo seguido de morte (latrocinio),janeiro,2
paraiba,junco do serido,estupro,janeiro,1
paraiba,lagoa seca,furto de veiculo,janeiro,1
paraiba,lagoa seca,roubo de veiculo,janeiro,1
paraiba,mamanguape,furto de veiculo,janeiro,3
paraiba,mamanguape,homicidio doloso,janeiro,2
paraiba,mamanguape,roubo de veiculo,janeiro,3
paraiba,mari,roubo de veiculo,janeiro,1
paraiba,mataraca,homicidio doloso,janeiro,1
paraiba,monteiro,furto de veiculo,janeiro,1
paraiba,monteiro,homicidio doloso,janeiro,1
paraiba,natuba,furto de veiculo,janeiro,2
paraiba,natuba,homicidio doloso,janeiro,1
paraiba,natuba,roubo de veiculo,janeiro,3
paraiba,natuba,roubo seguido de morte (latrocinio),janeiro,1
paraiba,patos,estupro,janeiro,4
paraiba,patos,furto de veiculo,janeiro,3
paraiba,patos,homicidio doloso,janeiro,4
paraiba,patos,roubo de veiculo,janeiro,4
paraiba,patos,roubo seguido de morte (latrocinio),janeiro,1
paraiba,pedras de fogo,estupro,janeiro,1
paraiba,pedras de fogo,roubo de veiculo,janeiro,1
paraiba,pianco,homicidio doloso,janeiro,1
paraiba,picui,roubo de veiculo,janeiro,1
paraiba,pitimbu,homicidio doloso,janeiro,1
paraiba,pocinhos,homicidio doloso,janeiro,1
paraiba,puxinana,homicidio doloso,janeiro,1
paraiba,queimadas,furto de veiculo,janeiro,1
paraiba,queimadas,homicidio doloso,janeiro,2
paraiba,queimadas,roubo de veiculo,janeiro,6
paraiba,remigio,homicidio doloso,janeiro,1
paraiba,remigio,roubo de veiculo,janeiro,1
paraiba,rio tinto,homicidio doloso,janeiro,1
paraiba,salgadinho,roubo de veiculo,janeiro,1
paraiba,santa cruz,homicidio doloso,janeiro,1
paraiba,santana de mangueira,homicidio doloso,janeiro,1
paraiba,santa rita,estupro,janeiro,1
paraiba,santa rita,homicidio doloso,janeiro,1
paraiba,sao bento,homicidio doloso,janeiro,3
paraiba,sao jose de piranhas,furto de veiculo,janeiro,1
paraiba,sape,homicidio doloso,janeiro,1
paraiba,serido,roubo de veiculo,janeiro,2
paraiba,serra grande,homicidio doloso,janeiro,1
paraiba,serra redonda,homicidio doloso,janeiro,1
paraiba,solanea,furto de veiculo,janeiro,6
paraiba,solanea,roubo de veiculo,janeiro,4
paraiba,soledade,homicidio doloso,janeiro,1
paraiba,sousa,estupro,janeiro,2
paraiba,sousa,furto de veiculo,janeiro,1
paraiba,sousa,homicidio doloso,janeiro,5
paraiba,sousa,roubo de veiculo,janeiro,2
paraiba,sume,estupro,janeiro,1
paraiba,sume,homicidio doloso,janeiro,1
paraiba,uirauna,roubo seguido de morte (latrocinio),janeiro,1
paraiba,umbuzeiro,furto de veiculo,janeiro,3
paraiba,umbuzeiro,roubo seguido de morte (latrocinio),janeiro,1
paraiba,alagoa nova,homicidio doloso,fevereiro,1
paraiba,alhandra,homicidio doloso,fevereiro,1
paraiba,amparo,estupro,fevereiro,1
paraiba,aparecida,homicidio doloso,fevereiro,2
paraiba,aracagi,roubo de veiculo,fevereiro,2
paraiba,arara,homicidio doloso,fevereiro,1
paraiba,araruna,homicidio doloso,fevereiro,1
paraiba,areia,homicidio doloso,fevereiro,3
paraiba,aroeiras,homicidio doloso,fevereiro,1
paraiba,assuncao,estupro,fevereiro,1
paraiba,bananeiras,homicidio doloso,fevereiro,2
paraiba,barauna,homicidio doloso,fevereiro,1
paraiba,bayeux,estupro,fevereiro,4
paraiba,bayeux,homicidio doloso,fevereiro,1
paraiba,bayeux,roubo de veiculo,fevereiro,3
paraiba,belem,estupro,fevereiro,1
paraiba,boqueirao,furto de veiculo,fevereiro,1
paraiba,boqueirao,homicidio doloso,fevereiro,1
paraiba,caapora,estupro,fevereiro,1
paraiba,caapora,homicidio doloso,fevereiro,2
paraiba,cabedelo,homicidio doloso,fevereiro,3
paraiba,cajazeiras,estupro,fevereiro,1
paraiba,cajazeiras,homicidio doloso,fevereiro,2
paraiba,caldas brandao,homicidio doloso,fevereiro,1
paraiba,camalau,homicidio doloso,fevereiro,1
paraiba,campina grande,estupro,fevereiro,5
paraiba,campina grande,homicidio doloso,fevereiro,17
paraiba,catingueira,homicidio doloso,fevereiro,1
paraiba,catole do rocha,homicidio doloso,fevereiro,1
paraiba,caturite,furto de veiculo,fevereiro,1
paraiba,conceicao,homicidio doloso,fevereiro,2
paraiba,conde,homicidio doloso,fevereiro,2
paraiba,cubati,homicidio doloso,fevereiro,1
paraiba,cuite,furto de veiculo,fevereiro,2
paraiba,duas estradas,roubo de veiculo,fevereiro,1
paraiba,esperanca,homicidio doloso,fevereiro,1
paraiba,guarabira,homicidio doloso,fevereiro,2
paraiba,itabaiana,homicidio doloso,fevereiro,3
paraiba,itaporanga,homicidio doloso,fevereiro,1
paraiba,itapororoca,estupro,fevereiro,1
paraiba,joao pessoa,estupro,fevereiro,10
paraiba,joao pessoa,furto de veiculo,fevereiro,5
paraiba,joao pessoa,homicidio doloso,fevereiro,33
paraiba,joao pessoa,roubo de veiculo,fevereiro,1
paraiba,junco do serido,roubo de veiculo,fevereiro,6
paraiba,juripiranga,furto de veiculo,fevereiro,1
paraiba,juripiranga,roubo de veiculo,fevereiro,1
paraiba,lagoa de dentro,homicidio doloso,fevereiro,2
paraiba,lucena,homicidio doloso,fevereiro,1
paraiba,mamanguape,estupro,fevereiro,1
paraiba,mamanguape,furto de veiculo,fevereiro,4
paraiba,mamanguape,homicidio doloso,fevereiro,1
paraiba,mamanguape,roubo de veiculo,fevereiro,2
paraiba,mamanguape,roubo seguido de morte (latrocinio),fevereiro,1
paraiba,mari,homicidio doloso,fevereiro,1
paraiba,montadas,homicidio doloso,fevereiro,1
paraiba,monteiro,homicidio doloso,fevereiro,1
paraiba,mulungu,homicidio doloso,fevereiro,1
paraiba,natuba,furto de veiculo,fevereiro,1
paraiba,natuba,roubo de veiculo,fevereiro,2
paraiba,nova floresta,homicidio doloso,fevereiro,1
paraiba,patos,estupro,fevereiro,1
paraiba,patos,furto de veiculo,fevereiro,4
paraiba,patos,homicidio doloso,fevereiro,2
paraiba,paulista,homicidio doloso,fevereiro,1
paraiba,pedra lavrada,homicidio doloso,fevereiro,1
paraiba,pedras de fogo,estupro,fevereiro,1
paraiba,pedras de fogo,homicidio doloso,fevereiro,1
paraiba,pilar,homicidio doloso,fevereiro,1
paraiba,queimadas,furto de veiculo,fevereiro,1
paraiba,queimadas,homicidio doloso,fevereiro,1
paraiba,remigio,roubo de veiculo,fevereiro,1
paraiba,rio tinto,homicidio doloso,fevereiro,1
paraiba,salgado de sao felix,estupro,fevereiro,1
paraiba,santa helena,estupro,fevereiro,1
paraiba,santa luzia,homicidio doloso,fevereiro,2
paraiba,santa rita,estupro,fevereiro,1
paraiba,santa rita,homicidio doloso,fevereiro,10
paraiba,sao bento,homicidio doloso,fevereiro,2
paraiba,sao joao do tigre,homicidio doloso,fevereiro,1
paraiba,sao jose de espinharas,homicidio doloso,fevereiro,1
paraiba,sao sebastiao de lagoa de roca,homicidio doloso,fevereiro,1
paraiba,sape,estupro,fevereiro,1
paraiba,sape,furto de veiculo,fevereiro,1
paraiba,sape,roubo de veiculo,fevereiro,2
paraiba,serido,roubo de veiculo,fevereiro,2
paraiba,solanea,furto de veiculo,fevereiro,5
paraiba,solanea,homicidio doloso,fevereiro,1
paraiba,solanea,roubo de veiculo,fevereiro,2
paraiba,sousa,estupro,fevereiro,2
paraiba,sousa,homicidio doloso,fevereiro,2
paraiba,sume,homicidio doloso,fevereiro,1
paraiba,alagoa nova,homicidio doloso,marco,1
paraiba,sao joao do rio do peixe,roubo de veiculo,marco,1
paraiba,arara,homicidio doloso,marco,1
paraiba,araruna,homicidio doloso,marco,1
paraiba,areia,homicidio doloso,marco,1
paraiba,aroeiras,homicidio doloso,marco,1
paraiba,baia da traicao,homicidio doloso,marco,1
paraiba,bayeux,estupro,marco,4
paraiba,bayeux,furto de veiculo,marco,1
paraiba,bayeux,homicidio doloso,marco,10
paraiba,bonito de santa fe,furto de veiculo,marco,1
paraiba,boqueirao,homicidio doloso,marco,1
paraiba,boqueirao,roubo de veiculo,marco,1
paraiba,brejo do cruz,homicidio doloso,marco,1
paraiba,cabedelo,estupro,marco,1
paraiba,cabedelo,furto de veiculo,marco,1
paraiba,cabedelo,homicidio doloso,marco,5
paraiba,cachoeira dos indios,furto de veiculo,marco,2
paraiba,cacimba de dentro,homicidio doloso,marco,1
paraiba,cajazeiras,homicidio doloso,marco,1
paraiba,campina grande,estupro,marco,6
paraiba,campina grande,homicidio doloso,marco,11
paraiba,casserengue,homicidio doloso,marco,1
paraiba,catole do rocha,homicidio doloso,marco,2
paraiba,caturite,homicidio doloso,marco,1
paraiba,conceicao,homicidio doloso,marco,2
paraiba,condado,estupro,marco,1
paraiba,conde,homicidio doloso,marco,2
paraiba,congo,homicidio doloso,marco,1
paraiba,congo,roubo de veiculo,marco,1
paraiba,cubati,roubo de veiculo,marco,1
paraiba,cuite,furto de veiculo,marco,1
paraiba,cuite,roubo de veiculo,marco,3
paraiba,cuitegi,estupro,marco,1
paraiba,damiao,roubo de veiculo,marco,1
paraiba,esperanca,homicidio doloso,marco,2
paraiba,fagundes,roubo de veiculo,marco,1
paraiba,guarabira,homicidio doloso,marco,2
paraiba,imaculada,homicidio doloso,marco,1
paraiba,inga,homicidio doloso,marco,1
paraiba,itabaiana,homicidio doloso,marco,1
paraiba,itapororoca,homicidio doloso,marco,1
paraiba,joao pessoa,estupro,marco,13
paraiba,joao pessoa,furto de veiculo,marco,5
paraiba,joao pessoa,homicidio doloso,marco,32
paraiba,joao pessoa,roubo de veiculo,marco,1
paraiba,juazeirinho,homicidio doloso,marco,1
paraiba,juripiranga,roubo de veiculo,marco,2
paraiba,malta,estupro,marco,1
paraiba,mamanguape,furto de veiculo,marco,3
paraiba,mamanguape,homicidio doloso,marco,2
paraiba,mamanguape,roubo de veiculo,marco,1
paraiba,mari,estupro,marco,1
paraiba,mari,homicidio doloso,marco,1
paraiba,monteiro,roubo de veiculo,marco,1
paraiba,natuba,roubo de veiculo,marco,3
paraiba,olivedos,homicidio doloso,marco,1
paraiba,passagem,homicidio doloso,marco,1
paraiba,patos,estupro,marco,1
paraiba,patos,furto de veiculo,marco,4
paraiba,patos,homicidio doloso,marco,7
paraiba,patos,roubo de veiculo,marco,5
paraiba,pedra lavrada,homicidio doloso,marco,1
paraiba,picui,homicidio doloso,marco,1
paraiba,piloezinhos,estupro,marco,1
paraiba,pitimbu,homicidio doloso,marco,2
paraiba,pocinhos,homicidio doloso,marco,1
paraiba,queimadas,furto de veiculo,marco,3
paraiba,queimadas,homicidio doloso,marco,1
paraiba,queimadas,roubo de veiculo,marco,1
paraiba,santa luzia,estupro,marco,2
paraiba,santa luzia,furto de veiculo,marco,1
paraiba,santa rita,homicidio doloso,marco,12
paraiba,sao bento,homicidio doloso,marco,1
paraiba,sao jose de piranhas,homicidio doloso,marco,2
paraiba,sao jose do bonfim,estupro,marco,1
paraiba,sao sebastiao de lagoa de roca,homicidio doloso,marco,1
paraiba,sape,homicidio doloso,marco,1
paraiba,sobrado,homicidio doloso,marco,1
paraiba,solanea,furto de veiculo,marco,1
paraiba,solanea,homicidio doloso,marco,1
paraiba,solanea,roubo de veiculo,marco,2
paraiba,sousa,homicidio doloso,marco,3
paraiba,sousa,roubo de veiculo,marco,2
paraiba,taperoa,homicidio doloso,marco,1
paraiba,umbuzeiro,homicidio doloso,marco,1
paraiba,agua branca,homicidio doloso,abril,1
paraiba,alagoa nova,homicidio doloso,abril,1
paraiba,alagoinha,homicidio doloso,abril,1
paraiba,alcantil,roubo de veiculo,abril,1
paraiba,algodao de jandaira,roubo seguido de morte (latrocinio),abril,1
paraiba,alhandra,homicidio doloso,abril,2
paraiba,aparecida,estupro,abril,1
paraiba,araruna,roubo seguido de morte (latrocinio),abril,1
paraiba,aroeiras,homicidio doloso,abril,1
paraiba,assuncao,furto de veiculo,abril,1
paraiba,baia da traicao,homicidio doloso,abril,1
paraiba,bananeiras,roubo de veiculo,abril,1
paraiba,barra de santana,homicidio doloso,abril,1
paraiba,barra de santa rosa,roubo de veiculo,abril,1
paraiba,bayeux,homicidio doloso,abril,1
paraiba,bonito de santa fe,roubo de veiculo,abril,1
paraiba,boqueirao,furto de veiculo,abril,1
paraiba,caapora,homicidio doloso,abril,1
paraiba,cabedelo,homicidio doloso,abril,1
paraiba,cachoeira dos indios,roubo de veiculo,abril,1
paraiba,caldas brandao,homicidio doloso,abril,1
paraiba,camalau,homicidio doloso,abril,1
paraiba,campina grande,estupro,abril,6
paraiba,campina grande,homicidio doloso,abril,7
paraiba,catole do rocha,homicidio doloso,abril,3
paraiba,caturite,furto de veiculo,abril,1
paraiba,conceicao,homicidio doloso,abril,1
paraiba,conde,estupro,abril,2
paraiba,cubati,roubo de veiculo,abril,1
paraiba,cuite,furto de veiculo,abril,1
paraiba,cuite,roubo de veiculo,abril,1
paraiba,dona ines,homicidio doloso,abril,1
paraiba,fagundes,homicidio doloso,abril,1
paraiba,guarabira,estupro,abril,1
paraiba,gurinhem,estupro,abril,1
paraiba,imaculada,roubo de veiculo,abril,1
paraiba,itaporanga,estupro,abril,1
paraiba,itaporanga,furto de veiculo,abril,2
paraiba,itaporanga,roubo de veiculo,abril,3
paraiba,joao pessoa,estupro,abril,15
paraiba,joao pessoa,furto de veiculo,abril,4
paraiba,joao pessoa,homicidio doloso,abril,26
paraiba,joao pessoa,roubo de veiculo,abril,1
paraiba,juazeirinho,homicidio doloso,abril,1
paraiba,junco do serido,roubo de veiculo,abril,2
paraiba,juripiranga,roubo de veiculo,abril,4
paraiba,lagoa seca,homicidio doloso,abril,1
paraiba,lucena,homicidio doloso,abril,2
paraiba,malta,furto de veiculo,abril,1
paraiba,mamanguape,furto de veiculo,abril,2
paraiba,mamanguape,roubo de veiculo,abril,2
paraiba,massaranduba,homicidio doloso,abril,1
paraiba,mogeiro,homicidio doloso,abril,2
paraiba,monteiro,furto de veiculo,abril,1
paraiba,natuba,furto de veiculo,abril,1
paraiba,natuba,homicidio doloso,abril,1
paraiba,natuba,roubo de veiculo,abril,2
paraiba,patos,furto de veiculo,abril,3
paraiba,patos,homicidio doloso,abril,2
paraiba,patos,roubo de veiculo,abril,3
paraiba,paulista,homicidio doloso,abril,1
paraiba,pocinhos,homicidio doloso,abril,1
paraiba,puxinana,homicidio doloso,abril,1
paraiba,queimadas,furto de veiculo,abril,2
paraiba,queimadas,roubo de veiculo,abril,3
paraiba,remigio,homicidio doloso,abril,1
paraiba,riacho de santo antonio,roubo de veiculo,abril,1
paraiba,salgado de sao felix,estupro,abril,1
paraiba,santa helena,estupro,abril,1
paraiba,santa rita,estupro,abril,1
paraiba,santa rita,homicidio doloso,abril,13
paraiba,santa teresinha,furto de veiculo,abril,1
paraiba,sao bento,homicidio doloso,abril,2
paraiba,sao jose de piranhas,roubo seguido de morte (latrocinio),abril,1
paraiba,sao jose dos cordeiros,estupro,abril,2
paraiba,sape,estupro,abril,2
paraiba,sape,homicidio doloso,abril,2
paraiba,serido,roubo de veiculo,abril,4
paraiba,serra branca,homicidio doloso,abril,1
paraiba,sobrado,homicidio doloso,abril,1
paraiba,solanea,furto de veiculo,abril,5
paraiba,solanea,roubo de veiculo,abril,3
paraiba,soledade,homicidio doloso,abril,1
paraiba,sousa,estupro,abril,1
paraiba,sousa,roubo de veiculo,abril,1
paraiba,sume,estupro,abril,1
paraiba,sume,homicidio doloso,abril,1
paraiba,tacima,homicidio doloso,abril,1
paraiba,teixeira,homicidio doloso,abril,1
paraiba,umbuzeiro,estupro,abril,1
paraiba,alcantil,roubo de veiculo,maio,2
paraiba,alhandra,homicidio doloso,maio,3
paraiba,areia,homicidio doloso,maio,1
paraiba,aroeiras,homicidio doloso,maio,1
paraiba,baia da traicao,homicidio doloso,maio,1
paraiba,bananeiras,estupro,maio,1
paraiba,bananeiras,homicidio doloso,maio,1
paraiba,barra de sao miguel,estupro,maio,1
paraiba,bayeux,estupro,maio,3
paraiba,bayeux,furto de veiculo,maio,1
paraiba,bayeux,homicidio doloso,maio,1
paraiba,belem,estupro,maio,2
paraiba,boqueirao,furto de veiculo,maio,1
paraiba,boqueirao,homicidio doloso,maio,1
paraiba,brejo dos santos,homicidio doloso,maio,1
paraiba,cabedelo,homicidio doloso,maio,2
paraiba,cajazeiras,homicidio doloso,maio,1
paraiba,campina grande,estupro,maio,8
paraiba,campina grande,homicidio doloso,maio,14
paraiba,campina grande,roubo de veiculo,maio,1
paraiba,campina grande,roubo seguido de morte (latrocinio),maio,1
paraiba,catole do rocha,homicidio doloso,maio,3
paraiba,caturite,furto de veiculo,maio,1
paraiba,conceicao,homicidio doloso,maio,1
paraiba,conde,estupro,maio,2
paraiba,conde,homicidio doloso,maio,1
paraiba,coremas,homicidio doloso,maio,1
paraiba,cubati,homicidio doloso,maio,1
paraiba,cubati,roubo de veiculo,maio,1
paraiba,cuite,furto de veiculo,maio,5
paraiba,cuite,roubo de veiculo,maio,2
paraiba,esperanca,homicidio doloso,maio,1
paraiba,fagundes,homicidio doloso,maio,1
paraiba,guarabira,estupro,maio,4
paraiba,guarabira,homicidio doloso,maio,3
paraiba,imaculada,furto de veiculo,maio,1
paraiba,inga,homicidio doloso,maio,1
paraiba,itabaiana,homicidio doloso,maio,2
paraiba,itaporanga,homicidio doloso,maio,1
paraiba,itaporanga,roubo de veiculo,maio,3
paraiba,jacarau,homicidio doloso,maio,1
paraiba,joao pessoa,estupro,maio,16
paraiba,joao pessoa,homicidio doloso,maio,32
paraiba,joao pessoa,roubo de veiculo,maio,4
paraiba,joao pessoa,roubo seguido de morte (latrocinio),maio,2
paraiba,juazeirinho,homicidio doloso,maio,1
paraiba,juripiranga,estupro,maio,1
paraiba,juripiranga,homicidio doloso,maio,1
paraiba,juripiranga,roubo de veiculo,maio,1
paraiba,mamanguape,estupro,maio,2
paraiba,mamanguape,furto de veiculo,maio,2
paraiba,mamanguape,homicidio doloso,maio,4
paraiba,mari,homicidio doloso,maio,1
paraiba,marizopolis,roubo seguido de morte (latrocinio),maio,1
paraiba,mogeiro,homicidio doloso,maio,2
paraiba,monteiro,estupro,maio,3
paraiba,monteiro,furto de veiculo,maio,1
paraiba,monteiro,homicidio doloso,maio,1
paraiba,natuba,furto de veiculo,maio,1
paraiba,natuba,roubo de veiculo,maio,1
paraiba,natuba,roubo seguido de morte (latrocinio),maio,1
paraiba,nova olinda,homicidio doloso,maio,1
paraiba,patos,furto de veiculo,maio,1
paraiba,patos,roubo de veiculo,maio,5
paraiba,piloes,homicidio doloso,maio,1
paraiba,pitimbu,estupro,maio,1
paraiba,pocinhos,homicidio doloso,maio,3
paraiba,pombal,homicidio doloso,maio,1
paraiba,queimadas,roubo de veiculo,maio,2
paraiba,remigio,homicidio doloso,maio,1
paraiba,riachao do poco,homicidio doloso,maio,1
paraiba,salgado de sao felix,estupro,maio,1
paraiba,santa cecilia,homicidio doloso,maio,1
paraiba,santa rita,estupro,maio,1
paraiba,santa rita,homicidio doloso,maio,11
paraiba,sao francisco,estupro,maio,1
paraiba,sao joao do cariri,furto de veiculo,maio,1
paraiba,sao jose dos cordeiros,homicidio doloso,maio,1
paraiba,sape,estupro,maio,4
paraiba,sape,homicidio doloso,maio,2
paraiba,sape,roubo de veiculo,maio,1
paraiba,serido,furto de veiculo,maio,1
paraiba,serra redonda,roubo de veiculo,maio,1
paraiba,sertaozinho,homicidio doloso,maio,1
paraiba,solanea,furto de veiculo,maio,2
paraiba,solanea,roubo de veiculo,maio,4
paraiba,soledade,homicidio doloso,maio,4
paraiba,sousa,homicidio doloso,maio,1
paraiba,sume,estupro,maio,1
paraiba,sume,homicidio doloso,maio,1
paraiba,teixeira,homicidio doloso,maio,1
paraiba,umbuzeiro,furto de veiculo,maio,1
paraiba,agua branca,roubo de veiculo,junho,1
paraiba,aguiar,homicidio doloso,junho,1
paraiba,alhandra,homicidio doloso,junho,3
paraiba,araruna,homicidio doloso,junho,1
paraiba,bananeiras,estupro,junho,1
paraiba,bananeiras,homicidio doloso,junho,1
paraiba,barra de santa rosa,homicidio doloso,junho,1
paraiba,bayeux,estupro,junho,7
paraiba,bayeux,homicidio doloso,junho,1
paraiba,belem,homicidio doloso,junho,1
paraiba,bom sucesso,homicidio doloso,junho,1
paraiba,bonito de santa fe,homicidio doloso,junho,1
paraiba,boqueirao,roubo de veiculo,junho,1
paraiba,brejo dos santos,homicidio doloso,junho,1
paraiba,caapora,homicidio doloso,junho,1
paraiba,cabaceiras,homicidio doloso,junho,1
paraiba,cabedelo,homicidio doloso,junho,3
paraiba,cacimba de areia,estupro,junho,1
paraiba,cacimba de dentro,roubo de veiculo,junho,1
paraiba,cacimbas,homicidio doloso,junho,1
paraiba,campina grande,estupro,junho,5
paraiba,campina grande,homicidio doloso,junho,10
paraiba,campina grande,roubo de veiculo,junho,2
paraiba,campina grande,roubo seguido de morte (latrocinio),junho,2
paraiba,capim,homicidio doloso,junho,1
paraiba,caraubas,estupro,junho,1
paraiba,catole do rocha,homicidio doloso,junho,1
paraiba,conceicao,homicidio doloso,junho,1
paraiba,cubati,furto de veiculo,junho,2
paraiba,cubati,homicidio doloso,junho,1
paraiba,cuite,roubo de veiculo,junho,1
paraiba,guarabira,estupro,junho,3
paraiba,guarabira,homicidio doloso,junho,1
paraiba,gurinhem,homicidio doloso,junho,1
paraiba,imaculada,roubo de veiculo,junho,1
paraiba,itaporanga,roubo de veiculo,junho,6
paraiba,jacarau,homicidio doloso,junho,1
paraiba,joao pessoa,estupro,junho,12
paraiba,joao pessoa,furto de veiculo,junho,4
paraiba,joao pessoa,homicidio doloso,junho,22
paraiba,joao pessoa,roubo seguido de morte (latrocinio),junho,2
paraiba,juazeirinho,homicidio doloso,junho,2
paraiba,juazeirinho,roubo seguido de morte (latrocinio),junho,1
paraiba,juripiranga,roubo de veiculo,junho,1
paraiba,lagoa,homicidio doloso,junho,1
paraiba,lagoa seca,homicidio doloso,junho,1
paraiba,mamanguape,furto de veiculo,junho,2
paraiba,mamanguape,homicidio doloso,junho,4
paraiba,mamanguape,roubo de veiculo,junho,3
paraiba,massaranduba,roubo seguido de morte (latrocinio),junho,1
paraiba,montadas,homicidio doloso,junho,1
paraiba,monteiro,estupro,junho,5
paraiba,mulungu,homicidio doloso,junho,1
paraiba,natuba,roubo de veiculo,junho,1
paraiba,patos,estupro,junho,4
paraiba,patos,furto de veiculo,junho,4
paraiba,patos,homicidio doloso,junho,2
paraiba,patos,roubo de veiculo,junho,4
paraiba,pedra branca,roubo de veiculo,junho,1
paraiba,pedras de fogo,homicidio doloso,junho,1
paraiba,pianco,homicidio doloso,junho,1
paraiba,pianco,roubo de veiculo,junho,1
paraiba,pitimbu,homicidio doloso,junho,2
paraiba,pombal,estupro,junho,1
paraiba,pombal,homicidio doloso,junho,2
paraiba,puxinana,homicidio doloso,junho,1
paraiba,queimadas,furto de veiculo,junho,1
paraiba,queimadas,homicidio doloso,junho,2
paraiba,queimadas,roubo de veiculo,junho,1
paraiba,santa cecilia,homicidio doloso,junho,1
paraiba,santa rita,estupro,junho,2
paraiba,santa rita,homicidio doloso,junho,6
paraiba,sao jose da lagoa tapada,estupro,junho,1
paraiba,sao jose de espinharas,estupro,junho,1
paraiba,sao jose de piranhas,furto de veiculo,junho,2
paraiba,sao mamede,estupro,junho,1
paraiba,sape,estupro,junho,1
paraiba,sape,homicidio doloso,junho,1
paraiba,serido,roubo de veiculo,junho,1
paraiba,serraria,roubo de veiculo,junho,3
paraiba,solanea,furto de veiculo,junho,6
paraiba,solanea,homicidio doloso,junho,2
paraiba,solanea,roubo de veiculo,junho,1
paraiba,solanea,roubo seguido de morte (latrocinio),junho,1
paraiba,sousa,homicidio doloso,junho,1
paraiba,sousa,roubo de veiculo,junho,1
paraiba,taperoa,furto de veiculo,junho,4
paraiba,taperoa,homicidio doloso,junho,2
paraiba,triunfo,homicidio doloso,junho,1
paraiba,umbuzeiro,furto de veiculo,junho,1
paraiba,umbuzeiro,roubo de veiculo,junho,1
paraiba,agua branca,furto de veiculo,julho,1
paraiba,alcantil,furto de veiculo,julho,2
paraiba,alcantil,homicidio doloso,julho,1
paraiba,alcantil,roubo de veiculo,julho,2
paraiba,aparecida,estupro,julho,2
paraiba,aracagi,furto de veiculo,julho,1
paraiba,bananeiras,roubo de veiculo,julho,2
paraiba,barra de santa rosa,furto de veiculo,julho,1
paraiba,bayeux,estupro,julho,7
paraiba,bayeux,homicidio doloso,julho,3
paraiba,bayeux,roubo de veiculo,julho,1
paraiba,belem,homicidio doloso,julho,1
paraiba,belem do brejo do cruz,homicidio doloso,julho,1
paraiba,boqueirao,furto de veiculo,julho,1
paraiba,boqueirao,roubo de veiculo,julho,1
paraiba,cabedelo,homicidio doloso,julho,2
paraiba,cachoeira dos indios,estupro,julho,1
paraiba,cachoeira dos indios,furto de veiculo,julho,3
paraiba,cacimba de areia,roubo de veiculo,julho,1
paraiba,cacimbas,furto de veiculo,julho,1
paraiba,cajazeiras,estupro,julho,1
paraiba,cajazeiras,homicidio doloso,julho,1
paraiba,campina grande,estupro,julho,9
paraiba,campina grande,homicidio doloso,julho,9
paraiba,casserengue,furto de veiculo,julho,1
paraiba,caturite,furto de veiculo,julho,1
paraiba,conde,homicidio doloso,julho,1
paraiba,congo,estupro,julho,1
paraiba,congo,furto de veiculo,julho,1
paraiba,cubati,furto de veiculo,julho,11
paraiba,cubati,roubo de veiculo,julho,1
paraiba,cuite,furto de veiculo,julho,4
paraiba,cuitegi,homicidio doloso,julho,1
paraiba,guarabira,homicidio doloso,julho,1
paraiba,gurinhem,homicidio doloso,julho,1
paraiba,imaculada,furto de veiculo,julho,1
paraiba,itaporanga,furto de veiculo,julho,2
paraiba,itaporanga,roubo de veiculo,julho,1
paraiba,jacarau,estupro,julho,2
paraiba,jacarau,roubo de veiculo,julho,2
paraiba,joao pessoa,homicidio doloso,julho,33
paraiba,joao pessoa,roubo seguido de morte (latrocinio),julho,1
paraiba,lucena,homicidio doloso,julho,1
paraiba,mae d'agua,homicidio doloso,julho,1
paraiba,mamanguape,furto de veiculo,julho,2
paraiba,mamanguape,roubo de veiculo,julho,3
paraiba,manaira,homicidio doloso,julho,1
paraiba,marizopolis,homicidio doloso,julho,1
paraiba,mogeiro,homicidio doloso,julho,1
paraiba,mogeiro,roubo de veiculo,julho,1
paraiba,monte horebe,homicidio doloso,julho,1
paraiba,monteiro,estupro,julho,1
paraiba,monteiro,homicidio doloso,julho,1
paraiba,natuba,furto de veiculo,julho,1
paraiba,natuba,roubo de veiculo,julho,1
paraiba,patos,estupro,julho,1
paraiba,patos,furto de veiculo,julho,5
paraiba,patos,roubo de veiculo,julho,3
paraiba,pedras de fogo,estupro,julho,2
paraiba,pianco,homicidio doloso,julho,1
paraiba,pilar,estupro,julho,1
paraiba,pilar,roubo de veiculo,julho,1
paraiba,pitimbu,estupro,julho,1
paraiba,pitimbu,homicidio doloso,julho,2
paraiba,pombal,homicidio doloso,julho,1
paraiba,queimadas,furto de veiculo,julho,2
paraiba,queimadas,roubo de veiculo,julho,2
paraiba,riachao do bacamarte,roubo de veiculo,julho,1
paraiba,santa rita,homicidio doloso,julho,8
paraiba,santa teresinha,estupro,julho,2
paraiba,sao joao do tigre,homicidio doloso,julho,1
paraiba,sao jose de espinharas,estupro,julho,1
paraiba,sao jose dos ramos,homicidio doloso,julho,1
paraiba,sao jose de piranhas,furto de veiculo,julho,2
paraiba,sao miguel de taipu,estupro,julho,1
paraiba,sape,homicidio doloso,julho,1
paraiba,serido,furto de veiculo,julho,2
paraiba,serido,roubo de veiculo,julho,1
paraiba,solanea,furto de veiculo,julho,4
paraiba,solanea,roubo de veiculo,julho,1
paraiba,sossego,homicidio doloso,julho,1
paraiba,sousa,homicidio doloso,julho,1
paraiba,sume,furto de veiculo,julho,2
paraiba,taperoa,estupro,julho,1
paraiba,teixeira,furto de veiculo,julho,2
paraiba,umbuzeiro,furto de veiculo,julho,1
paraiba,agua branca,furto de veiculo,agosto,1
paraiba,agua branca,homicidio doloso,agosto,1
paraiba,agua branca,roubo de veiculo,agosto,1
paraiba,alagoinha,estupro,agosto,1
paraiba,alcantil,roubo de veiculo,agosto,3
paraiba,alhandra,homicidio doloso,agosto,1
paraiba,aracagi,homicidio doloso,agosto,1
paraiba,aracagi,roubo de veiculo,agosto,1
paraiba,areia,homicidio doloso,agosto,1
paraiba,assuncao,roubo de veiculo,agosto,2
paraiba,bananeiras,homicidio doloso,agosto,1
paraiba,barra de sao miguel,estupro,agosto,1
paraiba,bayeux,estupro,agosto,2
paraiba,bayeux,homicidio doloso,agosto,1
paraiba,bayeux,roubo de veiculo,agosto,1
paraiba,belem,estupro,agosto,2
paraiba,boqueirao,furto de veiculo,agosto,1
paraiba,boqueirao,homicidio doloso,agosto,1
paraiba,brejo do cruz,homicidio doloso,agosto,1
paraiba,brejo dos santos,homicidio doloso,agosto,1
paraiba,caapora,homicidio doloso,agosto,1
paraiba,cabedelo,estupro,agosto,1
paraiba,cabedelo,homicidio doloso,agosto,3
paraiba,cacimba de dentro,furto de veiculo,agosto,2
paraiba,cajazeiras,homicidio doloso,agosto,1
paraiba,campina grande,estupro,agosto,14
paraiba,campina grande,homicidio doloso,agosto,11
paraiba,capim,homicidio doloso,agosto,1
paraiba,caraubas,homicidio doloso,agosto,1
paraiba,casserengue,homicidio doloso,agosto,1
paraiba,catole do rocha,homicidio doloso,agosto,3
paraiba,condado,estupro,agosto,1
paraiba,condado,homicidio doloso,agosto,1
paraiba,conde,estupro,agosto,1
paraiba,conde,homicidio doloso,agosto,2
paraiba,cuite,furto de veiculo,agosto,1
paraiba,cuite,roubo de veiculo,agosto,1
paraiba,duas estradas,homicidio doloso,agosto,1
paraiba,esperanca,homicidio doloso,agosto,1
paraiba,guarabira,estupro,agosto,1
paraiba,guarabira,homicidio doloso,agosto,4
paraiba,gurjao,furto de veiculo,agosto,1
paraiba,ibiara,homicidio doloso,agosto,1
paraiba,itaporanga,homicidio doloso,agosto,1
paraiba,itatuba,roubo de veiculo,agosto,1
paraiba,joao pessoa,estupro,agosto,1
paraiba,joao pessoa,homicidio doloso,agosto,22
paraiba,juarez tavora,roubo seguido de morte (latrocinio),agosto,1
paraiba,juazeirinho,homicidio doloso,agosto,1
paraiba,juripiranga,roubo de veiculo,agosto,1
paraiba,lagoa,homicidio doloso,agosto,1
paraiba,mamanguape,furto de veiculo,agosto,2
paraiba,mamanguape,homicidio doloso,agosto,1
paraiba,mamanguape,roubo de veiculo,agosto,2
paraiba,mari,homicidio doloso,agosto,1
paraiba,mulungu,homicidio doloso,agosto,1
paraiba,natuba,furto de veiculo,agosto,1
paraiba,natuba,homicidio doloso,agosto,1
paraiba,natuba,roubo de veiculo,agosto,1
paraiba,patos,estupro,agosto,3
paraiba,patos,furto de veiculo,agosto,2
paraiba,patos,roubo de veiculo,agosto,3
paraiba,pedra branca,homicidio doloso,agosto,1
paraiba,pedras de fogo,homicidio doloso,agosto,1
paraiba,pedras de fogo,roubo seguido de morte (latrocinio),agosto,1
paraiba,picui,furto de veiculo,agosto,1
paraiba,pirpirituba,homicidio doloso,agosto,1
paraiba,pitimbu,homicidio doloso,agosto,1
paraiba,puxinana,homicidio doloso,agosto,1
paraiba,queimadas,furto de veiculo,agosto,1
paraiba,queimadas,homicidio doloso,agosto,2
paraiba,queimadas,roubo de veiculo,agosto,1
paraiba,salgado de sao felix,estupro,agosto,2
paraiba,santa rita,homicidio doloso,agosto,10
paraiba,santa teresinha,furto de veiculo,agosto,1
paraiba,sao bento,homicidio doloso,agosto,1
paraiba,sao joao do cariri,estupro,agosto,1
paraiba,sao jose de piranhas,furto de veiculo,agosto,4
paraiba,sao jose dos cordeiros,homicidio doloso,agosto,1
paraiba,sao miguel de taipu,homicidio doloso,agosto,2
paraiba,sao sebastiao de lagoa de roca,homicidio doloso,agosto,1
paraiba,serido,furto de veiculo,agosto,1
paraiba,serra redonda,homicidio doloso,agosto,1
paraiba,solanea,furto de veiculo,agosto,2
paraiba,solanea,homicidio doloso,agosto,1
paraiba,solanea,roubo de veiculo,agosto,1
paraiba,soledade,homicidio doloso,agosto,1
paraiba,sousa,estupro,agosto,1
paraiba,sousa,homicidio doloso,agosto,1
paraiba,teixeira,homicidio doloso,agosto,1
paraiba,umbuzeiro,estupro,agosto,1
paraiba,umbuzeiro,furto de veiculo,agosto,1
paraiba,umbuzeiro,homicidio doloso,agosto,2
paraiba,agua branca,estupro,setembro,2
paraiba,alagoa nova,homicidio doloso,setembro,1
paraiba,alagoa nova,lesao corporal seguida de morte,setembro,1
paraiba,alcantil,furto de veiculo,setembro,1
paraiba,alcantil,homicidio doloso,setembro,1
paraiba,amparo,furto de veiculo,setembro,1
paraiba,aroeiras,homicidio doloso,setembro,3
paraiba,aroeiras,roubo seguido de morte (latrocinio),setembro,1
paraiba,bayeux,estupro,setembro,4
paraiba,bonito de santa fe,furto de veiculo,setembro,1
paraiba,boqueirao,estupro,setembro,1
paraiba,boqueirao,furto de veiculo,setembro,1
paraiba,boqueirao,roubo de veiculo,setembro,1
paraiba,brejo do cruz,homicidio doloso,setembro,2
paraiba,caapora,estupro,setembro,1
paraiba,caapora,homicidio doloso,setembro,3
paraiba,cabedelo,estupro,setembro,1
paraiba,cabedelo,homicidio doloso,setembro,1
paraiba,cacimba de dentro,roubo de veiculo,setembro,1
paraiba,campina grande,estupro,setembro,5
paraiba,campina grande,homicidio doloso,setembro,12
paraiba,campina grande,roubo seguido de morte (latrocinio),setembro,2
paraiba,catole do rocha,homicidio doloso,setembro,1
paraiba,caturite,estupro,setembro,1
paraiba,conceicao,homicidio doloso,setembro,1
paraiba,conde,homicidio doloso,setembro,2
paraiba,cruz do espirito santo,homicidio doloso,setembro,2
paraiba,cuite,furto de veiculo,setembro,5
paraiba,cuite,roubo de veiculo,setembro,2
paraiba,gurinhem,homicidio doloso,setembro,1
paraiba,imaculada,furto de veiculo,setembro,1
paraiba,imaculada,homicidio doloso,setembro,2
paraiba,inga,homicidio doloso,setembro,1
paraiba,itabaiana,homicidio doloso,setembro,1
paraiba,jacarau,furto de veiculo,setembro,2
paraiba,jacarau,roubo de veiculo,setembro,2
paraiba,joao pessoa,estupro,setembro,1
paraiba,joao pessoa,homicidio doloso,setembro,22
paraiba,juarez tavora,homicidio doloso,setembro,1
paraiba,juripiranga,furto de veiculo,setembro,2
paraiba,juripiranga,roubo de veiculo,setembro,2
paraiba,lagoa seca,homicidio doloso,setembro,1
paraiba,livramento,homicidio doloso,setembro,2
paraiba,logradouro,estupro,setembro,1
paraiba,mamanguape,estupro,setembro,1
paraiba,mamanguape,roubo de veiculo,setembro,1
paraiba,mari,homicidio doloso,setembro,2
paraiba,massaranduba,homicidio doloso,setembro,1
paraiba,mataraca,homicidio doloso,setembro,1
paraiba,mogeiro,furto de veiculo,setembro,2
paraiba,monteiro,estupro,setembro,1
paraiba,natuba,furto de veiculo,setembro,1
paraiba,natuba,roubo de veiculo,setembro,2
paraiba,patos,estupro,setembro,2
paraiba,patos,furto de veiculo,setembro,4
paraiba,patos,homicidio doloso,setembro,2
paraiba,paulista,homicidio doloso,setembro,1
paraiba,pedras de fogo,roubo de veiculo,setembro,1
paraiba,piloezinhos,estupro,setembro,1
paraiba,pitimbu,estupro,setembro,1
paraiba,pitimbu,homicidio doloso,setembro,1
paraiba,pocinhos,homicidio doloso,setembro,1
paraiba,queimadas,furto de veiculo,setembro,1
paraiba,remigio,estupro,setembro,2
paraiba,rio tinto,homicidio doloso,setembro,1
paraiba,santa cecilia,homicidio doloso,setembro,1
paraiba,santana de mangueira,homicidio doloso,setembro,1
paraiba,santa rita,estupro,setembro,3
paraiba,santa rita,homicidio doloso,setembro,13
paraiba,sao bento,homicidio doloso,setembro,1
paraiba,sao jose de espinharas,estupro,setembro,1
paraiba,sao jose de piranhas,furto de veiculo,setembro,3
paraiba,sao jose de princesa,homicidio doloso,setembro,1
paraiba,sao sebastiao do umbuzeiro,homicidio doloso,setembro,1
paraiba,sape,homicidio doloso,setembro,2
paraiba,solanea,estupro,setembro,1
paraiba,soledade,homicidio doloso,setembro,1
paraiba,sousa,estupro,setembro,1
paraiba,sousa,homicidio doloso,setembro,1
paraiba,sousa,roubo de veiculo,setembro,3
paraiba,sume,roubo de veiculo,setembro,1
paraiba,taperoa,homicidio doloso,setembro,1
paraiba,tavares,homicidio doloso,setembro,1
paraiba,agua branca,roubo de veiculo,outubro,2
paraiba,alagoa grande,homicidio doloso,outubro,1
paraiba,alagoa nova,homicidio doloso,outubro,1
paraiba,alhandra,estupro,outubro,1
paraiba,sao joao do rio do peixe,homicidio doloso,outubro,1
paraiba,arara,homicidio doloso,outubro,2
paraiba,araruna,homicidio doloso,outubro,1
paraiba,barra de santa rosa,homicidio doloso,outubro,2
paraiba,bayeux,estupro,outubro,4
paraiba,bayeux,homicidio doloso,outubro,1
paraiba,bayeux,roubo de veiculo,outubro,1
paraiba,bom sucesso,homicidio doloso,outubro,1
paraiba,bonito de santa fe,furto de veiculo,outubro,1
paraiba,boqueirao,furto de veiculo,outubro,1
paraiba,boqueirao,roubo de veiculo,outubro,1
paraiba,brejo do cruz,homicidio doloso,outubro,1
paraiba,brejo dos santos,homicidio doloso,outubro,2
paraiba,cabedelo,homicidio doloso,outubro,1
paraiba,cacimba de dentro,furto de veiculo,outubro,2
paraiba,cacimba de dentro,homicidio doloso,outubro,1
paraiba,caicara,furto de veiculo,outubro,1
paraiba,caicara,homicidio doloso,outubro,1
paraiba,cajazeiras,homicidio doloso,outubro,3
paraiba,campina grande,estupro,outubro,4
paraiba,campina grande,homicidio doloso,outubro,11
paraiba,carrapateira,homicidio doloso,outubro,1
paraiba,conceicao,estupro,outubro,1
paraiba,conceicao,homicidio doloso,outubro,1
paraiba,conde,homicidio doloso,outubro,1
paraiba,coremas,homicidio doloso,outubro,1
paraiba,coremas,roubo de veiculo,outubro,1
paraiba,cruz do espirito santo,homicidio doloso,outubro,1
paraiba,cubati,furto de veiculo,outubro,1
paraiba,cubati,roubo de veiculo,outubro,1
paraiba,cuite,furto de veiculo,outubro,2
paraiba,cuite,roubo de veiculo,outubro,1
paraiba,dona ines,roubo de veiculo,outubro,2
paraiba,frei martinho,homicidio doloso,outubro,1
paraiba,guarabira,homicidio doloso,outubro,1
paraiba,imaculada,roubo de veiculo,outubro,1
paraiba,itaporanga,roubo de veiculo,outubro,2
paraiba,itapororoca,estupro,outubro,1
paraiba,jacarau,furto de veiculo,outubro,2
paraiba,joao pessoa,estupro,outubro,2
paraiba,joao pessoa,homicidio doloso,outubro,27
paraiba,joao pessoa,roubo seguido de morte (latrocinio),outubro,1
paraiba,junco do serido,furto de veiculo,outubro,2
paraiba,juripiranga,homicidio doloso,outubro,1
paraiba,juripiranga,roubo de veiculo,outubro,1
paraiba,lagoa seca,homicidio doloso,outubro,2
paraiba,lucena,homicidio doloso,outubro,2
paraiba,mamanguape,estupro,outubro,1
paraiba,mamanguape,furto de veiculo,outubro,2
paraiba,mamanguape,homicidio doloso,outubro,2
paraiba,manaira,homicidio doloso,outubro,1
paraiba,mari,homicidio doloso,outubro,1
paraiba,marizopolis,homicidio doloso,outubro,1
paraiba,mataraca,homicidio doloso,outubro,1
paraiba,mogeiro,furto de veiculo,outubro,2
paraiba,monteiro,homicidio doloso,outubro,2
paraiba,natuba,roubo de veiculo,outubro,1
paraiba,nazarezinho,homicidio doloso,outubro,1
paraiba,patos,estupro,outubro,4
paraiba,patos,homicidio doloso,outubro,3
paraiba,patos,roubo de veiculo,outubro,1
paraiba,paulista,homicidio doloso,outubro,2
paraiba,pedras de fogo,roubo seguido de morte (latrocinio),outubro,1
paraiba,picui,homicidio doloso,outubro,1
paraiba,piloes,homicidio doloso,outubro,1
paraiba,piloes,roubo seguido de morte (latrocinio),outubro,1
paraiba,pirpirituba,estupro,outubro,1
paraiba,pitimbu,homicidio doloso,outubro,1
paraiba,queimadas,furto de veiculo,outubro,2
paraiba,queimadas,homicidio doloso,outubro,1
paraiba,queimadas,roubo de veiculo,outubro,5
paraiba,riacho de santo antonio,homicidio doloso,outubro,1
paraiba,rio tinto,homicidio doloso,outubro,1
paraiba,santa cecilia,roubo seguido de morte (latrocinio),outubro,1
paraiba,santa luzia,homicidio doloso,outubro,1
paraiba,santarem,homicidio doloso,outubro,1
paraiba,santa rita,estupro,outubro,1
paraiba,santa rita,homicidio doloso,outubro,11
paraiba,santa teresinha,furto de veiculo,outubro,1
paraiba,sao bento,homicidio doloso,outubro,1
paraiba,sao jose dos ramos,lesao corporal seguida de morte,outubro,1
paraiba,sao jose de piranhas,estupro,outubro,2
paraiba,sao jose de piranhas,furto de veiculo,outubro,1
paraiba,sao jose de princesa,homicidio doloso,outubro,1
paraiba,sao jose do sabugi,roubo de veiculo,outubro,1
paraiba,sao miguel de taipu,roubo de veiculo,outubro,1
paraiba,sape,homicidio doloso,outubro,2
paraiba,serido,furto de veiculo,outubro,1
paraiba,serido,roubo de veiculo,outubro,1
paraiba,solanea,furto de veiculo,outubro,2
paraiba,solanea,homicidio doloso,outubro,1
paraiba,solanea,roubo de veiculo,outubro,1
paraiba,sousa,estupro,outubro,3
paraiba,sousa,homicidio doloso,outubro,2
paraiba,sume,estupro,outubro,1
paraiba,sume,roubo de veiculo,outubro,1
paraiba,tacima,homicidio doloso,outubro,1
paraiba,taperoa,roubo de veiculo,outubro,1
paraiba,teixeira,furto de veiculo,outubro,2
paraiba,teixeira,homicidio doloso,outubro,1
paraiba,uirauna,homicidio doloso,outubro,1
paraiba,umbuzeiro,furto de veiculo,outubro,1
paraiba,umbuzeiro,roubo de veiculo,outubro,1
paraiba,agua branca,roubo de veiculo,novembro,1
paraiba,alhandra,estupro,novembro,1
paraiba,alhandra,homicidio doloso,novembro,2
paraiba,alhandra,roubo de veiculo,novembro,1
paraiba,aparecida,homicidio doloso,novembro,1
paraiba,arara,homicidio doloso,novembro,1
paraiba,bananeiras,estupro,novembro,1
paraiba,barra de santa rosa,estupro,novembro,1
paraiba,bayeux,estupro,novembro,2
paraiba,bayeux,homicidio doloso,novembro,1
paraiba,belem,estupro,novembro,1
paraiba,bonito de santa fe,estupro,novembro,1
paraiba,bonito de santa fe,homicidio doloso,novembro,1
paraiba,bonito de santa fe,roubo de veiculo,novembro,1
paraiba,boqueirao,furto de veiculo,novembro,1
paraiba,boqueirao,homicidio doloso,novembro,3
paraiba,brejo do cruz,homicidio doloso,novembro,1
paraiba,caapora,furto de veiculo,novembro,1
paraiba,caapora,homicidio doloso,novembro,2
paraiba,cabedelo,estupro,novembro,1
paraiba,cabedelo,roubo de veiculo,novembro,1
paraiba,cacimba de dentro,furto de veiculo,novembro,2
paraiba,campina grande,estupro,novembro,12
paraiba,campina grande,homicidio doloso,novembro,10
paraiba,campina grande,roubo de veiculo,novembro,1
paraiba,casserengue,homicidio doloso,novembro,1
paraiba,catingueira,estupro,novembro,1
paraiba,caturite,roubo de veiculo,novembro,2
paraiba,conde,homicidio doloso,novembro,3
paraiba,cubati,roubo de veiculo,novembro,3
paraiba,cuite,furto de veiculo,novembro,4
paraiba,cuite,roubo de veiculo,novembro,1
paraiba,guarabira,estupro,novembro,1
paraiba,guarabira,homicidio doloso,novembro,2
paraiba,gurinhem,homicidio doloso,novembro,1
paraiba,inga,homicidio doloso,novembro,1
paraiba,itaporanga,homicidio doloso,novembro,1
paraiba,itapororoca,homicidio doloso,novembro,2
paraiba,itatuba,homicidio doloso,novembro,1
paraiba,joao pessoa,estupro,novembro,6
paraiba,joao pessoa,homicidio doloso,novembro,27
paraiba,junco do serido,furto de veiculo,novembro,2
paraiba,juripiranga,roubo de veiculo,novembro,1
paraiba,lagoa seca,homicidio doloso,novembro,1
paraiba,lucena,homicidio doloso,novembro,1
paraiba,malta,estupro,novembro,1
paraiba,mamanguape,furto de veiculo,novembro,3
paraiba,mamanguape,homicidio doloso,novembro,2
paraiba,mamanguape,roubo de veiculo,novembro,2
paraiba,manaira,homicidio doloso,novembro,1
paraiba,mogeiro,furto de veiculo,novembro,2
paraiba,montadas,roubo seguido de morte (latrocinio),novembro,1
paraiba,monteiro,furto de veiculo,novembro,1
paraiba,monteiro,roubo de veiculo,novembro,1
paraiba,natuba,homicidio doloso,novembro,1
paraiba,olho d'agua,estupro,novembro,1
paraiba,patos,estupro,novembro,5
paraiba,patos,homicidio doloso,novembro,1
paraiba,pedra branca,estupro,novembro,1
paraiba,pedras de fogo,estupro,novembro,1
paraiba,pedras de fogo,homicidio doloso,novembro,1
paraiba,pedras de fogo,roubo seguido de morte (latrocinio),novembro,1
paraiba,piloezinhos,estupro,novembro,1
paraiba,piloezinhos,homicidio doloso,novembro,1
paraiba,pirpirituba,roubo seguido de morte (latrocinio),novembro,1
paraiba,pitimbu,homicidio doloso,novembro,1
paraiba,pocinhos,homicidio doloso,novembro,2
paraiba,puxinana,homicidio doloso,novembro,1
paraiba,queimadas,furto de veiculo,novembro,1
paraiba,queimadas,homicidio doloso,novembro,1
paraiba,queimadas,roubo de veiculo,novembro,2
paraiba,riachao,homicidio doloso,novembro,1
paraiba,riachao do poco,homicidio doloso,novembro,1
paraiba,rio tinto,homicidio doloso,novembro,1
paraiba,santana de mangueira,homicidio doloso,novembro,1
paraiba,santa rita,homicidio doloso,novembro,7
paraiba,santo andre,homicidio doloso,novembro,1
paraiba,sao jose de espinharas,estupro,novembro,1
paraiba,sape,homicidio doloso,novembro,3
paraiba,serido,furto de veiculo,novembro,2
paraiba,solanea,roubo de veiculo,novembro,1
paraiba,soledade,homicidio doloso,novembro,1
paraiba,sousa,homicidio doloso,novembro,1
paraiba,taperoa,furto de veiculo,novembro,1
paraiba,teixeira,roubo de veiculo,novembro,1
paraiba,umbuzeiro,estupro,novembro,1
paraiba,agua branca,estupro,dezembro,1
paraiba,alagoa grande,homicidio doloso,dezembro,1
paraiba,alagoa nova,homicidio doloso,dezembro,3
paraiba,alhandra,estupro,dezembro,1
paraiba,alhandra,homicidio doloso,dezembro,1
paraiba,aparecida,estupro,dezembro,1
paraiba,aparecida,homicidio doloso,dezembro,1
paraiba,aracagi,furto de veiculo,dezembro,1
paraiba,aracagi,homicidio doloso,dezembro,1
paraiba,aroeiras,homicidio doloso,dezembro,1
paraiba,bananeiras,homicidio doloso,dezembro,1
paraiba,bayeux,homicidio doloso,dezembro,3
paraiba,bom jesus,homicidio doloso,dezembro,1
paraiba,bonito de santa fe,furto de veiculo,dezembro,1
paraiba,boqueirao,furto de veiculo,dezembro,1
paraiba,boqueirao,homicidio doloso,dezembro,1
paraiba,brejo do cruz,homicidio doloso,dezembro,2
paraiba,brejo dos santos,homicidio doloso,dezembro,1
paraiba,cabedelo,homicidio doloso,dezembro,2
paraiba,cacimba de dentro,roubo de veiculo,dezembro,1
paraiba,cajazeiras,homicidio doloso,dezembro,4
paraiba,campina grande,estupro,dezembro,8
paraiba,campina grande,homicidio doloso,dezembro,11
paraiba,campina grande,roubo seguido de morte (latrocinio),dezembro,1
paraiba,catole do rocha,homicidio doloso,dezembro,2
paraiba,conceicao,homicidio doloso,dezembro,2
paraiba,condado,estupro,dezembro,1
paraiba,condado,roubo seguido de morte (latrocinio),dezembro,1
paraiba,conde,homicidio doloso,dezembro,1
paraiba,cuite,furto de veiculo,dezembro,2
paraiba,desterro,estupro,dezembro,1
paraiba,desterro,homicidio doloso,dezembro,1
paraiba,dona ines,roubo de veiculo,dezembro,1
paraiba,dona ines,roubo seguido de morte (latrocinio),dezembro,1
paraiba,esperanca,homicidio doloso,dezembro,2
paraiba,guarabira,estupro,dezembro,6
paraiba,guarabira,homicidio doloso,dezembro,2
paraiba,imaculada,furto de veiculo,dezembro,1
paraiba,inga,homicidio doloso,dezembro,1
paraiba,itapororoca,homicidio doloso,dezembro,1
paraiba,joao pessoa,homicidio doloso,dezembro,31
paraiba,juazeirinho,homicidio doloso,dezembro,2
paraiba,junco do serido,furto de veiculo,dezembro,2
paraiba,juripiranga,homicidio doloso,dezembro,1
paraiba,juripiranga,roubo de veiculo,dezembro,1
paraiba,juripiranga,roubo seguido de morte (latrocinio),dezembro,1
paraiba,lagoa,homicidio doloso,dezembro,1
paraiba,lagoa seca,homicidio doloso,dezembro,1
paraiba,livramento,homicidio doloso,dezembro,1
paraiba,logradouro,homicidio doloso,dezembro,1
paraiba,mamanguape,estupro,dezembro,1
paraiba,mamanguape,furto de veiculo,dezembro,3
paraiba,mamanguape,homicidio doloso,dezembro,2
paraiba,marcacao,homicidio doloso,dezembro,1
paraiba,mari,homicidio doloso,dezembro,1
paraiba,marizopolis,estupro,dezembro,1
paraiba,marizopolis,homicidio doloso,dezembro,1
paraiba,matinhas,roubo de veiculo,dezembro,1
paraiba,matureia,roubo de veiculo,dezembro,1
paraiba,mogeiro,estupro,dezembro,1
paraiba,monteiro,estupro,dezembro,3
paraiba,monteiro,furto de veiculo,dezembro,1
paraiba,nova olinda,homicidio doloso,dezembro,1
paraiba,patos,estupro,dezembro,6
paraiba,patos,roubo de veiculo,dezembro,1
paraiba,paulista,homicidio doloso,dezembro,1
paraiba,pitimbu,homicidio doloso,dezembro,2
paraiba,pocinhos,homicidio doloso,dezembro,2
paraiba,pombal,homicidio doloso,dezembro,1
paraiba,princesa isabel,homicidio doloso,dezembro,1
paraiba,queimadas,furto de veiculo,dezembro,1
paraiba,queimadas,homicidio doloso,dezembro,1
paraiba,queimadas,roubo de veiculo,dezembro,2
paraiba,remigio,estupro,dezembro,1
paraiba,remigio,homicidio doloso,dezembro,2
paraiba,salgadinho,furto de veiculo,dezembro,1
paraiba,santana de mangueira,homicidio doloso,dezembro,2
paraiba,santarem,homicidio doloso,dezembro,1
paraiba,santa rita,estupro,dezembro,2
paraiba,santa rita,homicidio doloso,dezembro,5
paraiba,sao bento,homicidio doloso,dezembro,1
paraiba,sao jose de piranhas,furto de veiculo,dezembro,1
paraiba,sao jose de piranhas,roubo de veiculo,dezembro,1
paraiba,serraria,estupro,dezembro,2
paraiba,sertaozinho,estupro,dezembro,1
paraiba,solanea,furto de veiculo,dezembro,4
paraiba,solanea,homicidio doloso,dezembro,1
paraiba,solanea,roubo de veiculo,dezembro,2
paraiba,soledade,homicidio doloso,dezembro,1
paraiba,sossego,homicidio doloso,dezembro,1
paraiba,sousa,estupro,dezembro,1
paraiba,sousa,homicidio doloso,dezembro,1
paraiba,sume,roubo de veiculo,dezembro,1
paraiba,taperoa,furto de veiculo,dezembro,3
